Src_Vertex,PopulateTime(ms),MemUsage(MB),BFSTime(ms),BFSSum,DFSTime(ms),DFSSum
2,45,1.35156,0,1.84,0,1.95
2,26,1.42969,0,1.84,0,2.78
2,25,1.42969,0,1.7,0,2.34
2,23,1.42969,0,1.7,0,1.51
2,25,1.42969,0,1.84,0,1.81
2,25,1.42969,0,1.7,0,1.51
2,25,1.42969,0,1.7,0,1.94
2,26,1.42969,0,1.7,0,2.34
2,24,1.42969,0,1.84,0,1.95
2,24,1.42969,0,1.7,0,1.91
