Src_Vertex,PopulateTime(ms),MemUsage(MB),BFSTime(ms),BFSSum,DFSTime(ms),DFSSum
2,30,1.35156,0,4.43,0,4.32
2,28,1.42969,0,4.43,0,4.32
2,23,1.42969,0,4.43,0,4.32
2,25,1.42969,0,4.43,0,4.32
2,24,1.42969,0,4.43,0,4.32
2,32,1.42969,0,4.43,0,4.32
2,27,1.42969,0,4.43,0,4.32
2,26,1.42969,0,4.43,0,4.32
2,27,1.42969,0,4.43,0,4.32
2,25,1.42969,0,4.43,0,4.32
