Src_Vertex,PopulateTime(ms),MemUsage(MB),BFSTime(ms),BFSSum,DFSTime(ms),DFSSum
2,25,1.23047,0,4.43,0,4.32
2,26,1.30859,0,4.43,0,4.32
2,22,1.30859,0,4.43,0,4.32
2,23,1.30859,0,4.43,0,4.32
2,25,1.30859,0,4.43,0,4.32
2,22,1.30859,0,4.43,0,4.32
2,25,1.30859,0,4.43,0,4.32
2,27,1.30859,0,4.43,0,4.32
2,27,1.30859,0,4.43,0,4.32
2,26,1.30859,0,4.43,0,4.32
