Src_Vertex,PopulateTime(ms),MemUsage(MB),BFSTime(ms),BFSSum,DFSTime(ms),DFSSum
2,28,1.28906,0,1.84,0,2.35
2,23,1.36719,0,1.84,0,2.35
2,24,1.36719,0,1.84,0,2.35
2,29,1.36719,0,1.84,0,2.35
2,24,1.36719,0,1.84,0,2.35
2,25,1.36719,0,1.84,0,2.35
2,28,1.36719,0,1.84,0,2.35
2,27,1.36719,0,1.84,0,2.35
2,25,1.36719,0,1.84,0,2.35
2,28,1.36719,0,1.84,0,2.35
