Src_Vertex,PopulateTime(ms),MemUsage(MB),BFSTime(ms),BFSSum,DFSTime(ms),DFSSum
2,26,1.28906,0,4.2,0,3.45
2,23,1.28906,0,4.2,0,3.96
2,25,1.36719,0,4.21,0,3.57
2,25,1.36719,0,4.2,0,3.96
2,25,1.36719,0,4.2,0,3.24
2,25,1.36719,0,4.2,0,3.24
2,25,1.36719,0,4.21,0,3.57
2,25,1.36719,0,4.2,0,3.75
2,25,1.36719,0,4.21,0,3.57
2,25,1.36719,0,4.21,0,3.05
