Src_Vertex,PopulateTime(ms),MemUsage(MB),BFSTime(ms),BFSSum,DFSTime(ms),DFSSum
2,30,1.23047,0,4.21,0,3.78
2,25,1.30859,0,4.21,0,3.78
2,25,1.30859,0,4.2,0,3.96
2,23,1.30859,0,4.21,0,3.26
2,26,1.30859,0,4.2,0,3.24
2,28,1.30859,0,4.2,0,3.24
2,24,1.30859,0,4.21,0,3.26
2,28,1.30859,0,4.2,0,3.96
2,23,1.30859,0,4.2,0,3.75
2,28,1.30859,0,4.2,0,3.45
