Src_Vertex,PopulateTime(ms),MemUsage(MB),BFSTime(ms),BFSSum,DFSTime(ms),DFSSum
2,2,2.14453,0,1.84,0,2.35
2,2,2.14453,0,1.84,0,2.35
2,0,2.14453,0,1.84,0,2.35
2,0,2.14453,0,1.84,0,2.35
2,0,2.14453,0,1.84,0,2.35
2,0,2.14453,0,1.84,0,2.35
2,0,2.14453,0,1.84,0,2.35
2,0,2.14453,0,1.84,0,2.35
2,0,2.14453,0,1.84,0,2.35
2,0,2.14453,0,1.84,0,2.35
