Src_Vertex,PopulateTime(ms),MemUsage(MB),BFSTime(ms),BFSSum,DFSTime(ms),DFSSum
2,35,1.28906,0,1.84,0,2.64
2,25,1.36719,0,1.7,0,2.34
2,26,1.36719,0,1.84,0,2.64
2,25,1.36719,0,1.84,0,1.81
2,25,1.36719,0,1.7,0,1.94
2,26,1.36719,0,1.84,0,2.78
2,24,1.36719,0,1.84,0,2.64
2,23,1.36719,0,1.84,0,1.81
2,27,1.36719,0,1.84,0,2.78
2,23,1.36719,0,1.7,0,2.34
